{
  "ID": "219f3a9f-c419-4f90-8bd6-0a4d22f43b42",
  "Version": "2.3.1.1",
  "Name": "ccs_Login",
  "Content": {
    "Content": {
      "Animation": {
        "Duration": 0,
        "Speed": 1.0,
        "Timelines": [],
        "ctype": "TimelineActionData"
      },
      "AnimationList": [],
      "ObjectData": {
        "Tag": 178,
        "Children": [
          {
            "FileData": {
              "Type": "Normal",
              "Path": "ui/bg_main.png",
              "Plist": ""
            },
            "Scale9Width": 640,
            "Scale9Height": 960,
            "StretchWidthEnable": true,
            "StretchHeightEnable": true,
            "AnchorPoint": {
              "ScaleX": 0.5,
              "ScaleY": 0.5
            },
            "Position": {
              "X": 320.0,
              "Y": 480.0
            },
            "Scale": {
              "ScaleX": 1.0,
              "ScaleY": 1.0
            },
            "CColor": {},
            "IconVisible": false,
            "PrePosition": {
              "X": 0.5,
              "Y": 0.5
            },
            "PreSize": {
              "X": 1.0,
              "Y": 1.0
            },
            "HorizontalEdge": "BothEdge",
            "VerticalEdge": "BothEdge",
            "Tag": 305,
            "ActionTag": 893845053,
            "Size": {
              "X": 640.0,
              "Y": 960.0
            },
            "Name": "Image_bg",
            "ctype": "ImageViewObjectData"
          },
          {
            "BackColorAlpha": 102,
            "SingleColor": {
              "R": 150,
              "G": 200
            },
            "FirstColor": {
              "R": 150,
              "G": 200
            },
            "EndColor": {},
            "ColorVector": {
              "ScaleY": 1.0
            },
            "TouchEnable": true,
            "AnchorPoint": {},
            "Position": {
              "X": 320.0,
              "Y": 480.0
            },
            "Scale": {
              "ScaleX": 1.0,
              "ScaleY": 1.0
            },
            "CColor": {},
            "IconVisible": false,
            "PrePosition": {
              "X": 0.5,
              "Y": 0.5
            },
            "PreSize": {
              "X": 0.0016,
              "Y": 0.001
            },
            "HorizontalEdge": "BothEdge",
            "VerticalEdge": "BothEdge",
            "LeftMargin": 320.0,
            "RightMargin": 319.0,
            "TopMargin": 479.0,
            "BottomMargin": 480.0,
            "Tag": 179,
            "Children": [
              {
                "FileData": {
                  "Type": "Normal",
                  "Path": "ui/bg_log.png",
                  "Plist": ""
                },
                "Scale9Width": 434,
                "Scale9Height": 229,
                "AnchorPoint": {
                  "ScaleX": 0.5,
                  "ScaleY": 0.5
                },
                "Position": {
                  "X": 0.0,
                  "Y": 327.0
                },
                "Scale": {
                  "ScaleX": 1.0,
                  "ScaleY": 1.0
                },
                "CColor": {},
                "IconVisible": false,
                "PrePosition": {
                  "X": 0.0,
                  "Y": 327.0
                },
                "PreSize": {
                  "X": 434.0,
                  "Y": 229.0
                },
                "LeftMargin": -217.0,
                "RightMargin": -216.0,
                "TopMargin": -440.5,
                "BottomMargin": 212.5,
                "Tag": 306,
                "ActionTag": -1154059580,
                "Size": {
                  "X": 434.0,
                  "Y": 229.0
                },
                "Name": "Image_log",
                "ctype": "ImageViewObjectData"
              },
              {
                "FontSize": 40,
                "ButtonText": "",
                "TextColor": {
                  "R": 118,
                  "G": 118,
                  "B": 212
                },
                "DisabledFileData": {
                  "Type": "Default",
                  "Path": "Default/Button_Disable.png",
                  "Plist": ""
                },
                "PressedFileData": {
                  "Type": "Normal",
                  "Path": "ui/button_login2.png",
                  "Plist": ""
                },
                "NormalFileData": {
                  "Type": "Normal",
                  "Path": "ui/button_login1.png",
                  "Plist": ""
                },
                "Scale9Enable": true,
                "Scale9OriginX": 15,
                "Scale9OriginY": 11,
                "Scale9Width": 428,
                "Scale9Height": 51,
                "OutlineColor": {
                  "G": 0,
                  "B": 0
                },
                "ShadowColor": {
                  "R": 110,
                  "G": 110,
                  "B": 110
                },
                "ShadowOffsetX": 2.0,
                "ShadowOffsetY": -2.0,
                "TouchEnable": true,
                "AnchorPoint": {
                  "ScaleX": 0.5,
                  "ScaleY": 0.5
                },
                "Position": {
                  "X": 0.0,
                  "Y": -131.0
                },
                "Scale": {
                  "ScaleX": 1.0,
                  "ScaleY": 1.0
                },
                "CColor": {},
                "IconVisible": false,
                "PrePosition": {
                  "X": 0.0,
                  "Y": -131.0
                },
                "PreSize": {
                  "X": 458.0,
                  "Y": 73.0
                },
                "LeftMargin": -229.0,
                "RightMargin": -228.0,
                "TopMargin": 95.5,
                "BottomMargin": -167.5,
                "Tag": 307,
                "Children": [
                  {
                    "FontSize": 40,
                    "LabelText": "登        录",
                    "FontResource": {
                      "Type": "Normal",
                      "Path": "fonts/han.ttf",
                      "Plist": ""
                    },
                    "OutlineSize": 2,
                    "OutlineColor": {
                      "R": 26,
                      "G": 26,
                      "B": 26
                    },
                    "OutlineEnabled": true,
                    "ShadowColor": {
                      "R": 26,
                      "G": 26,
                      "B": 26
                    },
                    "ShadowOffsetX": 5.0,
                    "ShadowOffsetY": -5.0,
                    "ShadowEnabled": true,
                    "AnchorPoint": {
                      "ScaleX": 0.5,
                      "ScaleY": 0.5
                    },
                    "Position": {
                      "X": 229.0,
                      "Y": 40.0
                    },
                    "Scale": {
                      "ScaleX": 1.0,
                      "ScaleY": 1.0
                    },
                    "CColor": {
                      "R": 144,
                      "G": 238,
                      "B": 144
                    },
                    "IconVisible": false,
                    "PrePosition": {
                      "X": 0.5,
                      "Y": 0.5479
                    },
                    "PreSize": {
                      "X": 0.0,
                      "Y": 0.0
                    },
                    "LeftMargin": 144.0,
                    "RightMargin": 144.0,
                    "TopMargin": 7.5,
                    "BottomMargin": 14.5,
                    "Tag": 310,
                    "ActionTag": -806432008,
                    "Size": {
                      "X": 170.0,
                      "Y": 51.0
                    },
                    "Name": "Text_1",
                    "ctype": "TextObjectData"
                  }
                ],
                "ActionTag": -479479566,
                "Size": {
                  "X": 458.0,
                  "Y": 73.0
                },
                "Name": "Button_login",
                "ctype": "ButtonObjectData"
              },
              {
                "FontSize": 14,
                "ButtonText": "",
                "TextColor": {
                  "R": 65,
                  "G": 65,
                  "B": 70
                },
                "DisabledFileData": {
                  "Type": "Default",
                  "Path": "Default/Button_Disable.png",
                  "Plist": ""
                },
                "PressedFileData": {
                  "Type": "Normal",
                  "Path": "ui/button_login_weixin2.png",
                  "Plist": ""
                },
                "NormalFileData": {
                  "Type": "Normal",
                  "Path": "ui/button_login_weixin1.png",
                  "Plist": ""
                },
                "Scale9Enable": true,
                "Scale9OriginX": 15,
                "Scale9OriginY": 11,
                "Scale9Width": 54,
                "Scale9Height": 64,
                "OutlineColor": {
                  "G": 0,
                  "B": 0
                },
                "ShadowColor": {
                  "R": 110,
                  "G": 110,
                  "B": 110
                },
                "ShadowOffsetX": 2.0,
                "ShadowOffsetY": -2.0,
                "TouchEnable": true,
                "AnchorPoint": {
                  "ScaleX": 0.5,
                  "ScaleY": 0.5
                },
                "Position": {
                  "X": -100.0,
                  "Y": -400.0
                },
                "Scale": {
                  "ScaleX": 1.0,
                  "ScaleY": 1.0
                },
                "CColor": {},
                "IconVisible": false,
                "PrePosition": {
                  "X": -100.0,
                  "Y": -400.0
                },
                "PreSize": {
                  "X": 84.0,
                  "Y": 86.0
                },
                "LeftMargin": -142.0,
                "RightMargin": 59.0,
                "TopMargin": 358.0,
                "BottomMargin": -443.0,
                "Tag": 308,
                "ActionTag": -767593955,
                "Size": {
                  "X": 84.0,
                  "Y": 86.0
                },
                "Name": "Button_weixin",
                "ctype": "ButtonObjectData"
              },
              {
                "FontSize": 14,
                "ButtonText": "",
                "TextColor": {
                  "R": 65,
                  "G": 65,
                  "B": 70
                },
                "DisabledFileData": {
                  "Type": "Default",
                  "Path": "Default/Button_Disable.png",
                  "Plist": ""
                },
                "PressedFileData": {
                  "Type": "Normal",
                  "Path": "ui/button_login_sina2.png",
                  "Plist": ""
                },
                "NormalFileData": {
                  "Type": "Normal",
                  "Path": "ui/button_login_sina1.png",
                  "Plist": ""
                },
                "Scale9Enable": true,
                "Scale9OriginX": 15,
                "Scale9OriginY": 11,
                "Scale9Width": 54,
                "Scale9Height": 64,
                "OutlineColor": {
                  "G": 0,
                  "B": 0
                },
                "ShadowColor": {
                  "R": 110,
                  "G": 110,
                  "B": 110
                },
                "ShadowOffsetX": 2.0,
                "ShadowOffsetY": -2.0,
                "TouchEnable": true,
                "AnchorPoint": {
                  "ScaleX": 0.5,
                  "ScaleY": 0.5
                },
                "Position": {
                  "X": 100.0,
                  "Y": -400.0
                },
                "Scale": {
                  "ScaleX": 1.0,
                  "ScaleY": 1.0
                },
                "CColor": {},
                "IconVisible": false,
                "PrePosition": {
                  "X": 100.0,
                  "Y": -400.0
                },
                "PreSize": {
                  "X": 84.0,
                  "Y": 86.0
                },
                "LeftMargin": 58.0,
                "RightMargin": -141.0,
                "TopMargin": 358.0,
                "BottomMargin": -443.0,
                "Tag": 309,
                "ActionTag": 894879810,
                "Size": {
                  "X": 84.0,
                  "Y": 86.0
                },
                "Name": "Button_weibo",
                "ctype": "ButtonObjectData"
              }
            ],
            "ActionTag": 323004413,
            "Size": {
              "X": 1.0,
              "Y": 1.0
            },
            "Name": "Panel_center",
            "ctype": "PanelObjectData"
          }
        ],
        "Size": {
          "X": 640.0,
          "Y": 960.0
        },
        "Name": "Layer",
        "ctype": "LayerObjectData"
      },
      "UsedResources": [
        "Default/Button_Disable.png",
        "fonts/han.ttf",
        "ui/bg_log.png",
        "ui/bg_main.png",
        "ui/button_login_sina1.png",
        "ui/button_login_sina2.png",
        "ui/button_login_weixin1.png",
        "ui/button_login_weixin2.png",
        "ui/button_login1.png",
        "ui/button_login2.png"
      ],
      "ctype": "GameProjectData"
    }
  },
  "Type": "Layer"
}